{"color": "#1795CC", "kta": true, "const": false, "data": {"dataset": "mnist", "data_kwargs": {"n_samples": 200, "test_size": 0.1, "n_classes": 10}}, "steps": 100, "results": {"Train/Loss": [[], [], [], []], "Test/Accuracy": [[0.05000000000000002], [0.10000000000000003], [0.10000000000000003], [0.05000000000000002]], "Test/L1": [[3.699999999999999], [3.149999999999999], [3.350000000000002], [2.95]], "Test/L2": [[19.30000000000001], [15.050000000000006], [16.550000000000004], [11.25]], "Test/KTA": [[0.6059044599533081], [0.6228310465812685], [0.5804071426391604], [0.6060318946838377]]}}